sale_id,sale_date,customer_id,product_id,quantity,unit_price,total_amount,discount_pct,payment_method,channel,region
1,2025-04-17,525,910,4,45.35,172.33,5,Credit Card,In-Store,FL
2,2025-11-21,768,404,4,385.21,1155.63,25,PayPal,Mobile App,PR
3,2025-06-28,535,533,5,387.63,1938.15,0,Apple Pay,Mobile App,RI
4,2025-10-25,51,901,9,286.92,2582.28,0,Debit Card,Mobile App,CO
5,2025-07-10,665,714,9,206.7,1395.22,25,Credit Card,Phone,CO
6,2025-08-07,557,444,8,396.4,3171.2,0,Credit Card,Online,MP
7,2025-10-22,137,394,1,390.73,351.66,10,Credit Card,In-Store,DC
8,2026-02-14,648,987,7,489.04,2567.46,25,Debit Card,Mobile App,AL
9,2025-05-24,579,549,7,409.22,2291.63,20,Cash,Mobile App,UT
10,2025-07-14,570,815,9,194.09,1572.13,10,PayPal,Online,MN
11,2026-02-20,37,16,2,427.39,769.3,10,PayPal,In-Store,KS
12,2025-10-26,986,24,3,199.28,597.84,0,Credit Card,In-Store,DC
13,2025-10-14,916,297,4,426.94,1622.37,5,Credit Card,Phone,CT
14,2026-01-21,522,873,3,5.16,13.16,15,Debit Card,Mobile App,MA
15,2025-06-03,921,670,8,274.44,2195.52,0,PayPal,Mobile App,AL
16,2025-06-03,995,599,4,20.24,60.72,25,Cash,Mobile App,MT
17,2025-11-04,51,648,1,231.31,231.31,0,Apple Pay,Online,IL
18,2025-08-22,756,195,1,217.26,217.26,0,Cash,Online,AZ
19,2025-10-18,55,232,6,63.46,304.61,20,Debit Card,Mobile App,DE
20,2025-12-29,466,343,1,91.59,91.59,0,Cash,In-Store,WY
21,2025-05-04,764,509,3,82.03,233.79,5,Cash,In-Store,VA
22,2025-08-15,577,540,2,222.69,400.84,10,Credit Card,In-Store,AR
23,2025-08-02,144,939,4,221.79,842.8,5,Apple Pay,Phone,GU
24,2025-06-18,987,228,2,98.02,196.04,0,Debit Card,Phone,MN
25,2025-09-12,42,492,9,191.54,1292.89,25,Apple Pay,Phone,FM
26,2025-06-18,931,385,9,278.19,1877.78,25,Cash,Online,GA
27,2025-03-25,926,749,7,476.74,2502.89,25,Debit Card,Phone,NH
28,2025-12-10,737,433,2,379.26,568.89,25,Credit Card,Phone,WI
29,2025-10-16,155,411,9,343.04,2932.99,5,Debit Card,Mobile App,OK
30,2025-09-12,594,318,2,158.13,316.26,0,Cash,In-Store,NV
31,2025-11-22,194,215,5,486.78,1947.12,20,Cash,Mobile App,MP
32,2025-09-29,586,423,4,13.52,45.97,15,Debit Card,Online,CT
33,2025-06-15,701,47,10,136.26,1226.34,10,Credit Card,Online,CT
34,2025-07-19,824,738,2,170.39,306.7,10,Apple Pay,Online,HI
35,2026-02-12,348,217,8,427.49,3419.92,0,Cash,Online,NV
36,2025-05-18,955,982,1,188.0,150.4,20,Apple Pay,In-Store,FM
37,2025-05-05,689,398,6,57.27,274.9,20,Cash,In-Store,CT
38,2025-11-21,410,896,5,137.51,584.42,15,Debit Card,Online,NC
39,2025-06-22,211,892,7,232.09,1543.4,5,Apple Pay,Mobile App,NJ
40,2025-05-09,880,876,9,220.15,1882.28,5,Debit Card,Online,IA
41,2025-04-20,537,917,2,25.37,38.05,25,PayPal,Mobile App,SD
42,2026-02-22,268,111,7,126.82,887.74,0,Debit Card,Phone,OK
43,2025-10-16,926,442,5,279.8,1399.0,0,Credit Card,Online,SC
44,2025-11-07,93,803,5,75.36,376.8,0,Credit Card,Phone,TX
45,2025-05-08,423,763,2,134.02,268.04,0,Cash,In-Store,KY
46,2025-10-29,376,219,10,45.02,405.18,10,Credit Card,In-Store,IN
47,2025-09-12,700,323,4,313.38,1253.52,0,PayPal,In-Store,AL
48,2025-12-10,138,94,10,220.87,2098.26,5,Debit Card,In-Store,SC
49,2025-12-26,313,22,3,59.5,178.5,0,Apple Pay,Online,OK
50,2025-10-06,722,932,1,498.14,498.14,0,Cash,Phone,HI
51,2025-09-19,133,739,7,485.53,2549.03,25,PayPal,Phone,PW
52,2025-12-21,854,111,9,14.25,128.25,0,Cash,Mobile App,HI
53,2025-09-16,216,247,1,262.11,249.0,5,PayPal,In-Store,GU
54,2025-06-15,999,343,5,230.59,980.01,15,Credit Card,Phone,GA
55,2026-02-16,146,910,7,467.47,2454.22,25,Credit Card,Phone,VA
56,2026-01-20,165,447,6,408.81,2452.86,0,PayPal,Online,OR
57,2025-03-03,256,457,8,212.01,1611.28,5,Credit Card,Online,WV
58,2025-09-24,599,237,6,323.68,1942.08,0,PayPal,Online,MS
59,2025-11-11,592,485,5,147.1,625.17,15,Credit Card,Phone,NE
60,2025-05-02,839,246,5,158.9,595.88,25,Apple Pay,Phone,CO
61,2025-12-15,875,830,6,448.59,2153.23,20,Debit Card,Phone,FM
62,2025-09-30,593,72,4,249.99,899.96,10,Cash,Phone,MS
63,2025-08-21,77,132,4,447.9,1612.44,10,Apple Pay,In-Store,GU
64,2026-02-02,322,450,7,263.44,1383.06,25,PayPal,Mobile App,WY
65,2025-09-10,555,113,9,75.62,612.52,10,Apple Pay,Mobile App,ME
66,2025-05-31,345,276,7,457.07,2879.54,10,PayPal,Phone,IA
67,2025-11-23,444,2,3,415.85,998.04,20,Debit Card,Online,KY
68,2025-10-13,821,263,4,49.69,188.82,5,Debit Card,Online,DC
69,2025-08-07,680,573,6,389.49,2220.09,5,Debit Card,Online,NM
70,2025-05-31,608,532,4,372.51,1341.04,10,Debit Card,Mobile App,OK
71,2025-09-21,30,1000,1,21.44,17.15,20,Cash,Mobile App,OH
72,2026-01-06,471,947,4,94.91,379.64,0,Credit Card,Phone,MT
73,2026-02-25,373,334,6,293.79,1762.74,0,Credit Card,Mobile App,MN
74,2025-07-31,82,978,9,309.98,2650.33,5,Credit Card,Mobile App,WI
75,2025-11-28,494,954,2,9.22,17.52,5,PayPal,Phone,WI
76,2026-02-14,256,721,3,374.65,1123.95,0,PayPal,Mobile App,CO
77,2025-07-29,433,873,4,437.39,1487.13,15,Cash,Mobile App,NV
78,2026-02-02,923,181,5,367.31,1652.89,10,Cash,Mobile App,MP
79,2025-06-27,700,482,2,141.87,283.74,0,Apple Pay,Phone,MA
80,2025-04-24,488,238,6,123.9,594.72,20,Debit Card,In-Store,FM
81,2025-10-03,454,315,4,248.02,744.06,25,Credit Card,Phone,CA
82,2025-06-19,561,310,3,474.14,1422.42,0,Credit Card,Online,TN
83,2025-04-01,200,509,9,133.85,963.72,20,Credit Card,In-Store,WI
84,2025-09-28,287,526,8,110.2,881.6,0,Cash,Online,FM
85,2025-09-30,870,370,8,28.91,219.72,5,Credit Card,In-Store,SD
86,2025-05-18,985,196,7,243.69,1705.83,0,Apple Pay,In-Store,KY
87,2025-04-13,938,376,2,259.77,519.54,0,Cash,Online,CA
88,2025-07-18,25,683,6,399.99,2399.94,0,Debit Card,Mobile App,ME
89,2025-05-06,624,483,9,294.4,1987.2,25,Cash,Online,DC
90,2025-03-18,155,510,3,421.64,1138.43,10,Credit Card,Online,HI
91,2025-12-15,343,431,5,352.78,1763.9,0,Debit Card,In-Store,MT
92,2026-02-24,957,23,5,464.91,1975.87,15,Credit Card,Online,IN
93,2025-06-23,155,11,2,110.01,220.02,0,Apple Pay,In-Store,ID
94,2025-11-02,536,312,9,47.27,425.43,0,Debit Card,In-Store,OR
95,2025-11-23,345,292,3,463.78,1043.5,25,Apple Pay,Mobile App,NY
96,2025-12-14,389,202,8,440.74,3349.62,5,Cash,Phone,MA
97,2026-01-02,519,594,1,245.51,245.51,0,Apple Pay,Mobile App,MT
98,2026-01-14,13,353,3,111.54,334.62,0,Cash,Mobile App,PA
99,2026-01-31,480,977,9,24.38,219.42,0,PayPal,Online,GU
100,2025-09-01,142,189,10,495.95,4215.57,15,PayPal,Mobile App,NY
101,2026-02-17,49,890,9,474.25,3841.43,10,Debit Card,Online,DC
102,2025-09-26,293,433,6,146.83,880.98,0,Debit Card,Online,TN
103,2025-12-30,530,259,9,399.09,3232.63,10,PayPal,Mobile App,WV
104,2025-09-20,939,74,7,370.85,2336.36,10,Cash,Phone,AR
105,2025-11-12,746,365,7,321.13,1685.93,25,Credit Card,Mobile App,OH
106,2025-11-06,835,893,8,166.94,1201.97,10,Credit Card,In-Store,NH
107,2025-03-29,295,776,3,195.44,557.0,5,Debit Card,Mobile App,SD
108,2025-03-03,456,773,5,191.87,959.35,0,Debit Card,Mobile App,KS
109,2025-03-18,820,185,4,13.51,45.93,15,Credit Card,Online,MI
110,2025-05-29,186,312,10,337.23,2529.23,25,PayPal,In-Store,NE
111,2025-06-18,773,546,4,15.84,63.36,0,PayPal,In-Store,IN
112,2025-05-19,785,799,1,432.3,410.69,5,Debit Card,In-Store,MI
113,2025-11-10,284,609,1,441.49,419.42,5,Apple Pay,Online,AL
114,2025-09-01,59,770,9,78.28,669.29,5,Debit Card,Mobile App,PW
115,2025-06-29,291,97,4,322.59,1290.36,0,PayPal,Mobile App,MD
116,2025-10-14,831,507,5,231.46,925.84,20,Debit Card,Mobile App,TN
117,2025-07-16,719,995,5,285.9,1072.12,25,Apple Pay,Mobile App,CO
118,2025-07-08,737,951,2,495.15,792.24,20,Debit Card,Online,ID
119,2025-07-28,727,438,3,339.87,815.69,20,Debit Card,Online,FM
120,2025-10-21,117,89,10,278.74,2787.4,0,Apple Pay,In-Store,CT
121,2025-03-29,346,129,7,12.39,86.73,0,Debit Card,Phone,AL
122,2025-06-14,668,27,7,22.26,155.82,0,Apple Pay,Phone,PW
123,2025-10-28,702,944,4,340.49,1157.67,15,Debit Card,In-Store,VA
124,2025-05-07,305,680,4,387.41,1394.68,10,Cash,In-Store,NY
125,2025-04-22,404,255,9,45.8,370.98,10,PayPal,Online,PA
126,2025-08-06,704,490,9,270.14,2431.26,0,Apple Pay,In-Store,NV
127,2025-10-30,825,52,2,345.73,691.46,0,PayPal,Phone,UT
128,2025-10-15,491,692,5,432.18,1836.77,15,Credit Card,In-Store,MI
129,2025-04-01,476,779,8,440.83,2997.64,15,PayPal,Phone,HI
130,2025-03-09,823,679,4,88.1,334.78,5,Debit Card,Phone,MN
131,2025-08-23,223,484,1,387.12,290.34,25,Credit Card,Mobile App,GU
132,2025-04-18,87,385,7,145.17,1016.19,0,Credit Card,Mobile App,NJ
133,2025-09-26,823,437,10,277.43,2358.16,15,PayPal,Mobile App,VT
134,2025-07-02,550,868,1,167.71,150.94,10,Credit Card,In-Store,GA
135,2025-09-01,706,230,4,221.58,709.06,20,Cash,Mobile App,DC
136,2026-02-22,592,905,7,382.74,2143.34,20,PayPal,Online,WV
137,2025-07-18,909,136,7,499.9,3499.3,0,PayPal,Phone,NV
138,2025-03-10,780,678,9,67.64,608.76,0,Cash,Online,IN
139,2026-02-04,463,599,10,82.9,621.75,25,Apple Pay,Online,AR
140,2025-09-18,341,627,9,436.0,3924.0,0,Debit Card,Mobile App,AZ
141,2025-10-19,242,32,1,330.7,281.09,15,Debit Card,Phone,MS
142,2025-10-04,928,681,10,86.58,822.51,5,PayPal,Mobile App,WA
143,2025-09-10,467,974,6,94.43,509.92,10,Credit Card,Phone,HI
144,2025-12-05,784,825,7,315.04,1653.96,25,Cash,In-Store,UT
145,2025-11-27,361,3,1,474.24,450.53,5,Apple Pay,Online,PA
146,2025-11-07,20,348,2,334.94,602.89,10,Cash,Mobile App,ID
147,2025-06-10,991,724,8,400.33,3202.64,0,Debit Card,Online,ND
148,2025-06-16,207,43,4,119.85,479.4,0,Debit Card,Online,MA
149,2025-07-27,581,224,3,228.72,651.85,5,Apple Pay,Mobile App,WA
150,2025-05-01,230,771,5,14.07,52.76,25,Cash,Online,OR
151,2025-05-07,94,830,4,224.23,896.92,0,Apple Pay,In-Store,AL
152,2025-08-31,191,788,1,7.41,7.41,0,Credit Card,Mobile App,MN
153,2025-05-30,345,25,8,220.98,1767.84,0,PayPal,Online,DE
154,2025-11-08,252,850,1,394.93,394.93,0,Cash,Online,MS
155,2025-07-03,577,870,4,62.08,235.9,5,Credit Card,Phone,CT
156,2025-09-10,192,882,10,334.28,2674.24,20,Apple Pay,Online,SC
157,2025-03-28,608,359,1,478.67,359.0,25,PayPal,In-Store,MO
158,2025-10-03,40,839,10,252.21,2017.68,20,Apple Pay,Phone,AR
159,2026-02-03,550,614,1,342.3,308.07,10,Apple Pay,Online,NV
160,2025-06-07,471,103,9,438.47,3748.92,5,Cash,Phone,MS
161,2026-01-14,882,235,8,380.35,2738.52,10,PayPal,In-Store,OK
162,2025-09-08,705,695,6,183.45,1045.66,5,Debit Card,Online,MA
163,2025-05-06,972,31,4,252.58,858.77,15,Cash,Online,NV
164,2025-11-02,332,193,4,299.91,899.73,25,Credit Card,Mobile App,CT
165,2025-04-07,739,742,5,359.48,1437.92,20,Debit Card,In-Store,IN
166,2025-03-17,183,778,3,65.88,177.88,10,Debit Card,Phone,WY
167,2025-08-25,987,573,5,309.86,1471.84,5,Debit Card,Mobile App,AL
168,2026-01-13,808,544,5,269.28,1211.76,10,Debit Card,Mobile App,NV
169,2025-11-09,37,87,5,174.71,873.55,0,Debit Card,Mobile App,AR
170,2025-10-08,390,236,3,444.18,1265.91,5,Cash,Phone,GU
171,2025-10-22,279,159,9,155.99,1403.91,0,Credit Card,Phone,AR
172,2025-07-10,49,941,5,126.22,536.44,15,Cash,Online,NE
173,2025-07-14,614,327,1,90.9,90.9,0,Credit Card,In-Store,AL
174,2025-04-27,269,345,1,228.64,228.64,0,Credit Card,Online,WI
175,2026-02-26,212,544,9,327.79,2360.09,20,Apple Pay,Mobile App,VI
176,2026-02-11,17,792,8,124.42,746.52,25,PayPal,Phone,MI
177,2026-01-07,214,612,10,380.28,3802.8,0,PayPal,Online,TN
178,2026-01-26,993,503,2,91.34,182.68,0,Credit Card,Phone,WI
179,2025-12-24,623,257,8,149.0,1072.8,10,Credit Card,Online,NV
180,2026-01-07,964,731,8,478.31,3061.18,20,Cash,Phone,MH
181,2025-10-06,492,16,3,30.25,81.67,10,Cash,Online,CA
182,2025-11-10,900,731,10,467.47,4674.7,0,Debit Card,Phone,OK
183,2025-11-04,700,982,9,37.65,304.96,10,Apple Pay,Mobile App,SC
184,2026-01-28,701,435,3,402.68,1026.83,15,Cash,Mobile App,HI
185,2025-09-17,757,852,7,436.75,2445.8,20,Credit Card,Mobile App,NM
186,2025-09-20,463,358,4,326.82,1307.28,0,Cash,Phone,MS
187,2026-02-28,912,538,9,235.77,2121.93,0,PayPal,Mobile App,NC
188,2025-09-21,737,151,2,296.66,593.32,0,Debit Card,Phone,DC
189,2026-01-28,133,434,3,451.33,1150.89,15,Cash,Mobile App,FM
190,2025-10-29,379,304,6,187.96,1071.37,5,PayPal,Mobile App,KY
191,2025-09-18,98,246,5,105.24,526.2,0,Apple Pay,Mobile App,NJ
192,2025-05-30,531,860,1,315.0,299.25,5,Debit Card,Phone,MO
193,2025-04-25,173,179,8,92.32,738.56,0,Apple Pay,Mobile App,ID
194,2025-10-08,842,297,3,319.4,862.38,10,Apple Pay,Phone,GU
195,2025-04-19,143,533,9,395.71,3383.32,5,Credit Card,Mobile App,ME
196,2026-02-26,419,513,8,439.39,2812.1,20,Debit Card,Phone,NC
197,2026-01-15,725,905,3,416.68,1062.53,15,Debit Card,Online,NM
198,2025-04-17,667,163,10,424.67,4246.7,0,Debit Card,In-Store,FM
199,2025-08-25,126,774,4,108.76,391.54,10,Cash,Phone,MS
200,2025-09-09,555,697,3,437.9,1313.7,0,Apple Pay,Online,GU
201,2025-06-26,198,956,5,210.85,1001.54,5,Credit Card,Online,FM
202,2026-02-03,576,645,2,366.61,659.9,10,Cash,Mobile App,ND
203,2025-05-18,967,39,1,38.73,38.73,0,PayPal,Online,HI
204,2025-05-24,369,637,3,239.88,575.71,20,PayPal,Phone,CT
205,2025-09-11,353,132,7,385.99,2296.64,15,Cash,Online,AZ
206,2026-01-01,464,34,8,485.29,3882.32,0,PayPal,Phone,CO
207,2025-10-11,3,180,10,443.6,4436.0,0,Credit Card,Online,CT
208,2026-02-07,91,784,6,142.62,855.72,0,PayPal,Online,NC
209,2025-09-17,356,287,10,433.59,4335.9,0,Apple Pay,In-Store,RI
210,2025-05-12,469,122,7,436.52,3055.64,0,Apple Pay,Online,NV
211,2025-09-17,609,896,8,478.94,3448.37,10,Debit Card,In-Store,FL
212,2025-04-01,704,465,2,269.58,512.2,5,Apple Pay,Phone,IL
213,2025-06-07,301,690,2,482.59,723.88,25,Cash,Online,AS
214,2026-01-24,975,270,10,275.95,2621.53,5,Debit Card,Phone,MP
215,2025-06-12,370,904,1,253.84,253.84,0,Apple Pay,Online,AS
216,2025-12-01,815,952,2,452.41,859.58,5,Debit Card,In-Store,IA
217,2025-04-06,376,162,8,344.04,2477.09,10,Apple Pay,In-Store,UT
218,2025-06-26,924,857,4,435.59,1742.36,0,Credit Card,Online,GU
219,2025-03-20,254,367,9,267.6,2408.4,0,Cash,Online,IL
220,2025-10-15,182,679,9,243.24,1751.33,20,Debit Card,Phone,WY
221,2026-01-10,510,222,8,60.98,487.84,0,Cash,Online,NE
222,2025-10-29,908,24,9,361.76,3255.84,0,Credit Card,Mobile App,NJ
223,2026-01-27,440,606,7,267.64,1592.46,15,Credit Card,Mobile App,NH
224,2025-04-27,349,63,4,308.35,1233.4,0,Cash,In-Store,IA
225,2025-08-05,840,169,2,385.85,655.95,15,Debit Card,Phone,IN
226,2025-07-07,458,40,10,379.28,3792.8,0,Cash,Online,NH
227,2025-04-06,196,759,4,56.64,181.25,20,PayPal,In-Store,OK
228,2025-11-28,692,684,7,41.82,248.83,15,Cash,Online,IA
229,2026-01-04,109,240,5,277.23,1386.15,0,Apple Pay,Phone,OH
230,2025-12-31,324,354,10,489.93,4409.37,10,Apple Pay,In-Store,OR
231,2025-09-13,376,729,1,280.01,238.01,15,PayPal,Online,FL
232,2025-11-12,696,993,2,355.03,568.05,20,Credit Card,In-Store,MT
233,2026-01-08,200,284,3,351.12,1053.36,0,Debit Card,Mobile App,NV
234,2025-08-14,757,574,10,12.77,114.93,10,Debit Card,Online,SD
235,2025-11-27,730,646,10,135.9,1291.05,5,Credit Card,In-Store,GU
236,2025-08-11,7,252,6,418.04,2132.0,15,Credit Card,In-Store,MH
237,2026-01-12,220,836,10,7.99,75.91,5,PayPal,Mobile App,MD
238,2025-04-24,416,138,8,149.26,1074.67,10,Apple Pay,Mobile App,OK
239,2026-02-18,995,585,10,41.14,308.55,25,Credit Card,Phone,VT
240,2026-01-21,697,386,10,364.58,3645.8,0,PayPal,Online,RI
241,2025-09-24,716,133,9,269.06,2179.39,10,Credit Card,Online,WI
242,2025-09-10,283,910,6,175.42,894.64,15,Cash,Phone,KY
243,2025-05-11,853,420,7,247.78,1734.46,0,PayPal,Mobile App,SC
244,2026-01-01,188,411,3,268.89,726.0,10,Apple Pay,Mobile App,LA
245,2026-01-07,939,599,3,49.14,132.68,10,Apple Pay,Online,AK
246,2026-01-30,373,577,6,446.83,2412.88,10,Debit Card,Mobile App,AL
247,2025-11-12,476,843,10,453.79,3403.43,25,PayPal,In-Store,LA
248,2025-10-12,277,142,9,95.57,645.1,25,Debit Card,Phone,NC
249,2025-09-03,403,692,9,250.84,1918.93,15,Cash,Phone,WI
250,2025-07-15,873,19,9,329.03,2813.21,5,Credit Card,Mobile App,TX
251,2025-12-13,944,38,3,20.91,59.59,5,Credit Card,Phone,GU
252,2025-04-09,675,613,1,313.34,282.01,10,PayPal,Mobile App,NH
253,2025-06-20,325,72,5,426.41,2132.05,0,PayPal,In-Store,AL
254,2025-09-21,331,614,9,74.78,538.42,20,Credit Card,Mobile App,MA
255,2025-03-14,908,245,1,182.61,136.96,25,Cash,In-Store,TX
256,2025-03-26,539,770,2,319.24,478.86,25,Debit Card,In-Store,MS
257,2025-04-15,52,373,1,328.68,262.94,20,Cash,Mobile App,MI
258,2025-12-16,347,209,8,420.33,3362.64,0,Cash,In-Store,MO
259,2025-09-27,826,942,4,69.83,279.32,0,Debit Card,Online,CT
260,2025-06-07,465,543,2,490.15,833.25,15,Debit Card,Mobile App,AZ
261,2025-12-06,531,929,5,113.02,565.1,0,PayPal,Mobile App,GA
262,2025-03-26,833,450,3,108.01,324.03,0,PayPal,Online,WI
263,2025-04-16,341,76,1,292.83,292.83,0,Credit Card,Phone,NH
264,2025-11-02,439,659,7,136.38,954.66,0,Apple Pay,In-Store,MO
265,2025-09-05,999,755,8,225.37,1802.96,0,Debit Card,In-Store,WA
266,2025-11-29,355,857,2,304.55,609.1,0,Debit Card,Mobile App,FL
267,2025-07-27,483,474,3,268.97,766.56,5,Credit Card,In-Store,MT
268,2025-05-05,986,526,4,395.58,1186.74,25,Debit Card,Online,PA
269,2025-03-08,327,186,1,456.04,342.03,25,PayPal,Mobile App,VT
270,2025-08-27,771,780,1,61.69,52.44,15,Credit Card,Online,GU
271,2025-03-24,237,108,8,354.2,2833.6,0,Credit Card,In-Store,RI
272,2026-02-23,243,577,7,159.06,1113.42,0,PayPal,Mobile App,IN
273,2025-03-07,283,824,1,167.49,167.49,0,Credit Card,In-Store,AS
274,2026-01-13,213,756,1,436.64,327.48,25,Credit Card,Online,WV
275,2025-12-10,411,834,10,360.35,2882.8,20,Debit Card,Phone,MD
276,2025-12-24,318,157,6,276.89,1412.14,15,Apple Pay,In-Store,ND
277,2026-01-24,997,26,6,312.48,1499.9,20,PayPal,Mobile App,OR
278,2025-07-26,850,277,7,364.24,1912.26,25,Debit Card,In-Store,ME
279,2025-10-04,335,597,6,419.7,2266.38,10,Debit Card,Online,NH
280,2025-08-23,565,365,4,146.4,497.76,15,Credit Card,Mobile App,NE
281,2025-11-10,70,325,2,329.44,592.99,10,Credit Card,Online,AL
282,2025-09-15,144,1,2,477.77,907.76,5,Apple Pay,Mobile App,PR
283,2025-05-04,142,787,10,49.58,446.22,10,Cash,In-Store,WY
284,2025-06-16,245,85,1,388.4,368.98,5,PayPal,Mobile App,IA
285,2025-11-17,117,666,8,60.45,435.24,10,Credit Card,Mobile App,WY
286,2025-05-13,632,566,10,373.54,2988.32,20,PayPal,Online,NY
287,2025-07-21,435,348,3,219.0,657.0,0,Cash,In-Store,WI
288,2025-03-08,533,502,8,474.56,3796.48,0,Debit Card,Mobile App,CO
289,2025-05-26,49,31,8,98.91,672.59,15,Cash,Phone,SD
290,2025-09-18,94,45,6,182.48,875.9,20,Apple Pay,In-Store,GA
291,2026-01-07,737,857,8,394.59,2841.05,10,Debit Card,Online,VT
292,2026-01-03,659,996,7,52.49,367.43,0,PayPal,Mobile App,CO
293,2026-01-27,473,270,3,54.79,139.71,15,Debit Card,Online,TX
294,2025-06-28,31,58,8,37.6,255.68,15,Credit Card,Phone,NE
295,2025-12-27,971,4,7,180.71,1264.97,0,Cash,In-Store,AL
296,2025-11-12,674,73,1,324.32,243.24,25,Apple Pay,Online,HI
297,2025-09-25,217,24,4,219.75,879.0,0,Credit Card,Online,MN
298,2025-08-20,755,252,2,122.1,219.78,10,Cash,Phone,IA
299,2025-07-27,593,490,3,21.29,63.87,0,PayPal,Phone,SD
300,2025-11-12,428,849,4,472.29,1889.16,0,Debit Card,Phone,WI
301,2026-02-19,900,189,8,357.91,2147.46,25,Cash,Online,IN
302,2025-04-29,115,639,8,489.0,3912.0,0,Cash,Online,MS
303,2026-01-10,688,908,4,31.45,125.8,0,Credit Card,Online,CT
304,2025-07-06,301,988,2,181.64,363.28,0,Apple Pay,Phone,SD
305,2025-05-27,230,194,5,116.8,525.6,10,Debit Card,Phone,MD
306,2026-02-04,55,904,10,178.33,1426.64,20,Cash,Phone,MH
307,2025-07-14,658,328,10,24.43,244.3,0,PayPal,Online,AS
308,2025-09-24,536,405,9,52.89,380.81,20,PayPal,Online,AL
309,2025-04-10,655,335,3,339.72,866.29,15,Apple Pay,Mobile App,RI
310,2025-06-15,44,409,2,423.45,719.87,15,Credit Card,In-Store,OR
311,2025-12-23,341,436,1,443.11,354.49,20,Debit Card,In-Store,GU
312,2025-09-25,349,226,3,390.23,936.55,20,Debit Card,In-Store,KY
313,2025-03-18,970,433,3,421.09,1010.62,20,PayPal,Phone,WY
314,2025-06-26,25,472,9,200.57,1444.1,20,Debit Card,In-Store,NC
315,2026-01-14,729,454,4,479.45,1534.24,20,Credit Card,Online,CT
316,2025-06-04,990,658,7,55.5,330.22,15,Debit Card,Online,WY
317,2025-10-04,854,182,1,86.28,86.28,0,Cash,Phone,RI
318,2025-12-26,211,98,1,71.86,53.89,25,Cash,Mobile App,AS
319,2025-07-05,602,502,3,473.2,1064.7,25,Apple Pay,Phone,VA
320,2025-07-26,275,908,8,287.34,2298.72,0,Credit Card,Mobile App,MD
321,2025-06-19,393,70,2,364.64,729.28,0,PayPal,Online,MD
322,2025-09-29,549,971,5,165.46,661.84,20,PayPal,In-Store,VI
323,2025-05-17,313,43,5,175.7,746.73,15,Debit Card,Online,CO
324,2025-12-19,330,224,10,77.01,616.08,20,Credit Card,Phone,CT
325,2025-05-26,492,259,6,311.75,1870.5,0,Cash,Mobile App,AK
326,2025-11-25,534,268,10,401.71,3816.24,5,Debit Card,Mobile App,NV
327,2025-04-23,193,210,3,7.67,21.86,5,Credit Card,In-Store,IL
328,2025-08-02,971,419,7,266.45,1398.86,25,Credit Card,Mobile App,SC
329,2025-12-16,184,634,7,143.49,803.54,20,PayPal,Online,ME
330,2025-08-17,390,517,3,363.78,1091.34,0,Apple Pay,In-Store,WI
331,2025-12-19,45,755,2,275.2,550.4,0,Credit Card,In-Store,IL
332,2025-05-05,314,217,4,497.63,1691.94,15,PayPal,Mobile App,MN
333,2025-06-07,622,229,8,352.85,2117.1,25,Credit Card,Phone,NM
334,2026-01-12,630,713,2,90.44,153.75,15,Apple Pay,Online,AK
335,2025-04-17,857,981,8,127.82,1022.56,0,Debit Card,Online,NM
336,2025-12-17,582,76,8,7.25,46.4,20,Apple Pay,In-Store,SC
337,2025-08-20,785,16,10,65.03,617.78,5,PayPal,Phone,MA
338,2026-02-05,369,112,4,299.9,1079.64,10,Apple Pay,In-Store,GU
339,2025-12-21,394,404,8,375.36,3002.88,0,Apple Pay,Phone,ND
340,2025-05-14,855,984,3,352.57,846.17,20,Credit Card,Phone,OR
341,2025-07-30,667,71,4,311.03,1119.71,10,Apple Pay,Mobile App,NE
342,2025-10-18,409,333,10,335.17,3184.12,5,Cash,In-Store,UT
343,2026-01-18,86,806,10,111.7,1117.0,0,Cash,Phone,NH
344,2025-10-05,138,737,5,324.46,1541.18,5,PayPal,Mobile App,GU
345,2025-07-24,866,895,8,158.19,949.14,25,Credit Card,In-Store,MA
346,2025-12-15,625,411,5,339.39,1357.56,20,Apple Pay,Mobile App,WA
347,2025-12-10,105,984,9,250.47,1916.1,15,Cash,Online,CO
348,2025-07-07,146,748,8,462.94,3333.17,10,Debit Card,Mobile App,CO
349,2025-10-08,200,944,2,18.46,31.38,15,Apple Pay,Phone,PR
350,2025-03-13,838,36,9,303.89,2598.26,5,Debit Card,Mobile App,IN
351,2025-10-02,546,267,4,37.17,148.68,0,PayPal,Online,TX
352,2025-09-27,139,385,3,289.2,694.08,20,Credit Card,Phone,ME
353,2025-04-09,224,715,7,179.34,1129.84,10,Apple Pay,In-Store,WI
354,2025-11-02,44,996,8,471.14,3015.3,20,Cash,Online,DE
355,2025-07-02,548,366,8,475.26,3802.08,0,Debit Card,Online,AS
356,2025-12-03,759,960,6,75.25,451.5,0,Apple Pay,Mobile App,KY
357,2025-12-12,839,911,7,444.65,3112.55,0,Credit Card,Online,OH
358,2026-02-09,234,659,3,415.27,996.65,20,Debit Card,Mobile App,UT
359,2025-07-10,60,978,1,443.77,443.77,0,Cash,Online,KY
360,2026-01-13,243,1,1,283.0,226.4,20,Credit Card,Online,IN
361,2025-09-13,483,750,10,362.89,3628.9,0,Cash,Phone,MO
362,2025-07-15,996,23,1,291.18,247.5,15,Credit Card,Online,GA
363,2025-12-25,681,127,6,234.18,1334.83,5,PayPal,Mobile App,AR
364,2025-05-19,151,360,7,279.26,1857.08,5,Cash,Mobile App,VA
365,2025-08-09,210,822,4,122.51,465.54,5,Debit Card,In-Store,CA
366,2025-11-25,869,313,8,136.88,1095.04,0,Apple Pay,Online,FM
367,2025-12-05,536,537,5,34.75,173.75,0,Debit Card,Phone,SC
368,2025-11-27,619,325,8,270.55,1623.3,25,PayPal,Phone,OH
369,2025-11-02,390,831,6,327.22,1472.49,25,Debit Card,Mobile App,AR
370,2025-03-31,653,318,3,13.81,35.22,15,PayPal,Phone,CA
371,2026-02-06,230,333,6,485.69,2622.73,10,Credit Card,In-Store,KS
372,2025-12-23,510,812,5,245.37,920.14,25,Credit Card,In-Store,MS
373,2026-02-13,667,60,6,132.55,596.48,25,PayPal,Phone,DC
374,2026-02-19,164,713,5,383.82,1631.23,15,Apple Pay,Mobile App,KS
375,2025-10-31,427,387,5,350.76,1666.11,5,Credit Card,Mobile App,NE
376,2025-07-14,3,722,2,54.6,109.2,0,Debit Card,Phone,UT
377,2025-05-06,802,418,1,103.54,103.54,0,PayPal,Mobile App,DE
378,2026-01-30,890,796,9,25.28,170.64,25,PayPal,Phone,MP
379,2025-05-22,685,343,4,306.54,1226.16,0,Debit Card,In-Store,VA
380,2025-11-03,361,738,9,287.28,2068.42,20,Cash,Phone,IN
381,2025-06-06,253,25,1,67.35,63.98,5,PayPal,Mobile App,WY
382,2025-12-08,999,584,6,9.35,53.29,5,Apple Pay,Phone,FM
383,2025-05-22,524,517,5,160.63,682.68,15,Apple Pay,Online,AL
384,2025-08-10,529,240,7,75.84,530.88,0,PayPal,Online,RI
385,2025-06-24,651,459,1,227.72,227.72,0,Cash,In-Store,NM
386,2025-11-05,282,875,2,24.1,48.2,0,Cash,Mobile App,NH
387,2025-10-03,55,415,7,124.54,871.78,0,Credit Card,Phone,ND
388,2025-08-22,562,631,3,101.87,290.33,5,Cash,Phone,IN
389,2026-02-06,652,204,1,196.67,196.67,0,Credit Card,Phone,AS
390,2025-12-22,41,302,7,176.14,924.74,25,Cash,In-Store,CT
391,2025-07-11,474,152,7,109.29,765.03,0,Credit Card,Mobile App,CO
392,2025-04-02,803,954,7,452.91,3170.37,0,Debit Card,In-Store,RI
393,2025-08-24,69,267,10,408.01,3876.09,5,Cash,In-Store,ND
394,2025-10-17,396,657,10,359.42,3234.78,10,Debit Card,Phone,MO
395,2025-05-11,61,173,5,179.06,850.53,5,Apple Pay,Online,CA
396,2025-10-23,461,1,10,267.74,2677.4,0,Debit Card,In-Store,NE
397,2025-04-12,977,588,7,160.03,1120.21,0,Cash,Mobile App,FM
398,2025-05-06,292,26,2,420.84,715.43,15,Apple Pay,Phone,MA
399,2025-07-30,710,258,1,272.26,258.65,5,Credit Card,Phone,MH
400,2025-05-06,143,491,4,288.96,1155.84,0,Debit Card,In-Store,OR
401,2025-03-11,825,626,7,172.87,1028.58,15,Cash,Mobile App,AK
402,2026-01-19,596,527,2,401.01,641.62,20,Debit Card,Mobile App,AK
403,2025-03-28,255,913,4,256.66,872.64,15,Debit Card,Phone,IN
404,2025-07-23,170,333,7,413.29,2893.03,0,Apple Pay,Online,NY
405,2025-11-17,398,420,2,50.25,95.47,5,Cash,In-Store,FL
406,2025-12-01,195,76,1,433.21,346.57,20,Cash,Mobile App,FM
407,2026-01-31,563,407,9,460.42,3522.21,15,Apple Pay,In-Store,FL
408,2025-08-17,444,183,9,86.11,581.24,25,PayPal,In-Store,SC
409,2025-11-13,76,129,7,109.16,687.71,10,Debit Card,In-Store,VI
410,2025-06-07,937,36,10,475.63,3805.04,20,Apple Pay,Phone,RI
411,2025-10-27,827,470,8,130.75,993.7,5,Cash,In-Store,ME
412,2025-03-06,853,825,9,338.67,2743.23,10,Debit Card,In-Store,MD
413,2025-10-10,947,860,7,127.3,846.54,5,Debit Card,Online,NC
414,2025-12-28,799,501,4,436.77,1659.73,5,Apple Pay,Phone,OH
415,2026-01-13,873,233,2,370.28,592.45,20,Cash,Online,SC
416,2025-07-03,929,533,4,417.66,1670.64,0,Apple Pay,Mobile App,PR
417,2025-06-17,252,112,7,133.66,935.62,0,Debit Card,Mobile App,WY
418,2025-11-09,858,245,8,221.24,1769.92,0,Apple Pay,In-Store,NJ
419,2025-09-05,576,259,4,34.4,103.2,25,Credit Card,Online,PW
420,2025-12-23,8,67,1,291.95,218.96,25,PayPal,Mobile App,NH
421,2025-10-11,564,254,8,403.44,3227.52,0,Cash,Phone,NH
422,2025-09-15,567,958,3,12.41,35.37,5,Cash,In-Store,ID
423,2026-01-23,498,173,2,207.68,332.29,20,Cash,Online,ID
424,2025-07-21,438,696,10,11.69,116.9,0,Apple Pay,Mobile App,GA
425,2025-08-26,287,17,5,92.48,439.28,5,Debit Card,Phone,OH
426,2025-03-18,945,786,6,352.23,1902.04,10,Debit Card,Online,WV
427,2025-09-09,456,843,4,356.45,1140.64,20,Apple Pay,In-Store,NH
428,2025-12-30,235,488,8,190.97,1527.76,0,Debit Card,In-Store,AK
429,2025-10-05,650,870,7,265.9,1861.3,0,Debit Card,Phone,DC
430,2025-12-10,204,439,7,447.84,3134.88,0,Cash,Mobile App,LA
431,2025-06-18,733,38,4,410.15,1394.51,15,Credit Card,Phone,OH
432,2025-04-01,12,132,8,423.82,3390.56,0,Apple Pay,Phone,VI
433,2025-10-25,128,528,6,492.74,2217.33,25,PayPal,Phone,SD
434,2025-12-11,703,684,2,52.94,84.7,20,Credit Card,In-Store,ND
435,2025-12-10,133,477,9,474.92,4274.28,0,Credit Card,Phone,IA
436,2025-08-24,214,856,1,470.66,470.66,0,PayPal,Phone,MN
437,2026-02-14,510,867,6,186.18,837.81,25,Apple Pay,In-Store,ME
438,2025-03-17,922,842,2,147.85,295.7,0,Credit Card,Online,PR
439,2025-07-27,181,92,8,71.15,455.36,20,Cash,Phone,CA
440,2025-08-02,983,408,9,31.05,279.45,0,PayPal,In-Store,NY
441,2025-11-14,844,825,6,403.68,2300.98,5,Debit Card,In-Store,KS
442,2026-02-06,389,137,7,329.82,1731.55,25,Debit Card,In-Store,LA
443,2025-04-07,710,256,4,188.1,714.78,5,Apple Pay,Mobile App,WA
444,2025-08-21,715,697,3,115.59,260.08,25,Cash,Phone,NJ
445,2025-08-15,478,925,6,369.95,1775.76,20,Cash,Phone,WA
446,2025-03-22,923,573,1,273.65,259.97,5,Credit Card,Phone,AL
447,2025-04-16,126,365,9,441.15,3176.28,20,Credit Card,Phone,AL
448,2025-06-22,38,273,8,448.77,3410.65,5,Debit Card,Phone,GU
449,2026-01-29,37,920,2,56.87,108.05,5,Apple Pay,Mobile App,GA
450,2025-06-11,983,25,6,360.53,1946.86,10,Apple Pay,Online,WV
451,2025-06-28,699,266,8,456.24,3467.42,5,Apple Pay,In-Store,IN
452,2025-05-10,521,170,2,484.55,823.74,15,PayPal,In-Store,VI
453,2026-01-24,372,832,8,471.21,3015.74,20,Credit Card,Online,FM
454,2025-05-10,359,944,7,305.02,1921.63,10,Apple Pay,Phone,RI
455,2025-03-21,144,173,8,107.92,863.36,0,Debit Card,Phone,SC
456,2026-01-07,203,168,10,258.78,2458.41,5,Debit Card,Phone,RI
457,2025-05-04,801,989,5,223.03,1003.64,10,Credit Card,Online,PW
458,2025-04-18,142,654,4,112.55,450.2,0,Debit Card,Mobile App,DE
459,2025-05-08,671,388,9,50.2,361.44,20,Credit Card,Mobile App,VA
460,2025-05-10,707,994,10,320.63,3206.3,0,Debit Card,Phone,LA
461,2025-04-30,971,669,7,419.76,2791.4,5,PayPal,In-Store,IL
462,2025-08-22,752,134,8,184.88,1479.04,0,Apple Pay,Phone,SD
463,2025-12-09,380,206,2,171.44,325.74,5,PayPal,In-Store,TX
464,2025-12-26,417,375,5,135.34,642.87,5,Credit Card,Online,UT
465,2025-05-08,385,368,10,356.92,3569.2,0,Debit Card,In-Store,MD
466,2025-08-13,934,230,3,396.87,1190.61,0,Cash,In-Store,AK
467,2026-01-16,423,241,8,211.04,1603.9,5,Cash,Phone,OR
468,2025-04-10,114,40,10,177.22,1772.2,0,Cash,Online,MP
469,2025-10-04,66,702,3,445.16,1335.48,0,Debit Card,Phone,ME
470,2025-05-09,860,5,10,473.71,4737.1,0,PayPal,Mobile App,OK
471,2025-07-25,584,449,2,393.2,786.4,0,Debit Card,In-Store,VT
472,2025-04-29,864,317,6,376.44,2258.64,0,PayPal,Phone,WY
473,2025-09-26,803,354,5,6.71,30.19,10,Apple Pay,Mobile App,DE
474,2025-10-09,855,21,7,370.92,1947.33,25,Debit Card,Phone,OK
475,2026-02-20,980,365,10,259.99,2599.9,0,PayPal,Phone,NJ
476,2025-05-03,677,218,10,80.39,683.31,15,Apple Pay,In-Store,MP
477,2025-11-13,320,151,9,372.14,3349.26,0,Credit Card,In-Store,MI
478,2025-12-24,735,101,5,234.17,1170.85,0,Apple Pay,Online,KS
479,2025-11-20,503,682,7,262.17,1835.19,0,Apple Pay,Phone,NJ
480,2025-04-04,661,96,10,244.17,2197.53,10,Credit Card,Phone,DC
481,2025-07-06,621,618,2,386.51,695.72,10,PayPal,Phone,ID
482,2025-09-20,253,34,2,375.44,750.88,0,Apple Pay,Mobile App,DC
483,2025-09-23,960,650,1,459.98,390.98,15,PayPal,Mobile App,AS
484,2025-12-02,737,561,7,476.91,2503.78,25,Cash,Mobile App,VT
485,2025-09-29,661,469,3,336.01,1008.03,0,Cash,Phone,PA
486,2025-03-06,964,162,3,290.36,740.42,15,PayPal,Mobile App,MA
487,2025-03-31,765,718,1,429.99,343.99,20,Apple Pay,In-Store,VA
488,2025-04-06,21,464,6,283.01,1698.06,0,Debit Card,Phone,CT
489,2026-02-18,589,771,3,267.65,802.95,0,Cash,Phone,GA
490,2025-12-18,835,878,4,445.69,1337.07,25,Debit Card,Phone,FL
491,2026-02-01,138,224,6,393.97,2363.82,0,Cash,Phone,OR
492,2025-06-18,940,850,6,462.56,2220.29,20,Debit Card,In-Store,VI
493,2026-01-30,672,71,10,54.68,546.8,0,Debit Card,Online,MD
494,2025-07-24,541,190,9,166.95,1502.55,0,Debit Card,In-Store,PW
495,2025-03-20,112,935,8,45.04,324.29,10,PayPal,In-Store,CO
496,2025-07-01,655,24,8,43.98,281.47,20,Credit Card,Mobile App,HI
497,2025-09-11,682,683,1,193.99,164.89,15,Credit Card,In-Store,IA
498,2025-08-01,801,896,9,183.22,1648.98,0,Cash,Mobile App,PR
499,2026-01-24,519,556,6,94.62,454.18,20,Cash,Phone,PA
500,2025-06-24,850,716,10,208.86,1566.45,25,PayPal,Online,GA
501,2026-01-26,944,435,1,188.39,188.39,0,Cash,In-Store,MT
502,2025-12-07,177,360,8,78.48,627.84,0,Credit Card,In-Store,LA
503,2026-01-05,885,661,4,416.28,1332.1,20,Debit Card,Online,LA
504,2025-05-16,899,133,1,105.67,100.39,5,Apple Pay,Phone,OK
505,2025-05-08,778,593,4,311.84,997.89,20,Credit Card,Mobile App,PR
506,2025-05-24,397,299,6,417.41,2504.46,0,Debit Card,Online,PR
507,2025-03-10,170,1,7,379.62,2657.34,0,Cash,Phone,WA
508,2026-01-28,636,360,2,153.53,307.06,0,Cash,Online,LA
509,2025-10-08,877,940,3,364.21,1092.63,0,Credit Card,Online,NM
510,2025-12-05,893,653,8,318.36,2546.88,0,Cash,Phone,DE
511,2025-07-15,515,970,2,458.85,917.7,0,Credit Card,In-Store,LA
512,2025-05-12,800,799,5,109.06,436.24,20,PayPal,Online,CT
513,2025-12-22,485,386,8,30.4,243.2,0,Debit Card,In-Store,NC
514,2025-09-28,241,618,8,454.31,2725.86,25,Cash,Online,AL
515,2025-08-28,301,798,9,437.69,3939.21,0,Apple Pay,Phone,MH
516,2025-08-06,740,595,2,97.15,145.73,25,Cash,Mobile App,OH
517,2025-05-22,913,49,2,363.28,581.25,20,Debit Card,Mobile App,DC
518,2025-06-29,287,322,7,367.62,2316.01,10,Credit Card,In-Store,PW
519,2025-04-27,102,698,4,183.0,658.8,10,Apple Pay,In-Store,IL
520,2026-02-04,126,566,10,356.59,2674.42,25,Debit Card,In-Store,SD
521,2025-05-15,524,70,9,407.67,3669.03,0,Apple Pay,Mobile App,ME
522,2025-05-29,712,441,9,211.16,1900.44,0,Credit Card,Mobile App,ME
523,2025-11-27,571,277,2,393.39,747.44,5,Cash,Online,IL
524,2026-01-28,842,590,9,497.77,3359.95,25,Apple Pay,Phone,MS
525,2025-03-30,154,405,6,138.45,664.56,20,Cash,Phone,VI
526,2025-07-08,267,284,5,177.01,796.54,10,Debit Card,Phone,TX
527,2025-05-03,994,778,1,463.61,440.43,5,Debit Card,Phone,MH
528,2025-12-28,896,952,7,465.53,2444.03,25,Cash,In-Store,ID
529,2025-06-18,899,770,9,380.66,3425.94,0,Apple Pay,In-Store,CA
530,2025-10-09,759,147,6,259.45,1167.52,25,Apple Pay,Online,RI
531,2026-01-05,437,17,3,101.34,228.01,25,Debit Card,Mobile App,AS
532,2025-05-01,682,154,1,325.88,293.29,10,Credit Card,Online,KY
533,2025-03-02,304,949,6,104.89,566.41,10,Apple Pay,Online,NE
534,2025-04-29,219,425,3,179.61,404.12,25,Cash,Online,NM
535,2025-11-06,742,718,7,219.66,1383.86,10,Debit Card,Online,IA
536,2025-12-07,147,133,1,27.48,27.48,0,Credit Card,Online,WV
537,2025-08-21,65,898,4,71.52,214.56,25,Apple Pay,Mobile App,MN
538,2025-05-28,705,592,8,426.93,3415.44,0,Debit Card,Phone,VT
539,2025-06-18,938,332,7,212.28,1411.66,5,Cash,Mobile App,SC
540,2025-10-12,535,163,1,33.47,30.12,10,Debit Card,Phone,AK
541,2025-09-04,620,158,6,253.8,1142.1,25,Apple Pay,Phone,NM
542,2025-10-02,753,242,1,11.27,8.45,25,Credit Card,Mobile App,MA
543,2026-01-17,80,711,5,198.85,795.4,20,Credit Card,Mobile App,NY
544,2025-04-24,918,801,1,449.65,449.65,0,Cash,Phone,UT
545,2026-01-13,656,953,9,352.1,3010.45,5,Credit Card,Phone,AS
546,2025-06-29,602,854,4,155.06,620.24,0,Cash,In-Store,IL
547,2026-02-13,61,655,4,215.93,863.72,0,PayPal,Online,NM
548,2025-05-02,328,935,3,181.74,463.44,15,Apple Pay,Online,IL
549,2025-03-04,37,732,4,66.96,241.06,10,PayPal,Mobile App,CA
550,2025-05-11,399,790,2,231.74,463.48,0,Debit Card,Online,UT
551,2025-06-28,855,177,7,410.75,2875.25,0,PayPal,Mobile App,SD
552,2025-05-21,118,124,5,193.9,824.07,15,PayPal,Mobile App,UT
553,2025-06-24,605,56,2,294.03,588.06,0,PayPal,Mobile App,AR
554,2025-10-20,823,304,3,375.93,1127.79,0,Debit Card,Phone,MH
555,2025-06-29,706,406,4,264.33,1057.32,0,Apple Pay,In-Store,AL
556,2025-07-03,966,862,9,144.64,1236.67,5,PayPal,In-Store,MO
557,2025-10-05,127,508,7,149.55,942.17,10,Credit Card,Online,SC
558,2026-01-01,900,608,4,444.21,1421.47,20,Credit Card,In-Store,CA
559,2025-04-06,806,76,2,97.03,164.95,15,Credit Card,Phone,DC
560,2025-06-09,271,455,2,228.62,457.24,0,Cash,Phone,ID
561,2025-06-12,110,242,4,210.43,715.46,15,Apple Pay,Online,VT
562,2026-01-09,702,124,1,260.49,195.37,25,Cash,Online,CO
563,2025-09-23,632,270,2,458.45,916.9,0,Debit Card,Online,IL
564,2025-04-09,842,366,9,93.08,670.18,20,Credit Card,In-Store,IL
565,2025-06-11,8,593,10,260.76,2346.84,10,Cash,Mobile App,NJ
566,2025-06-19,869,230,8,491.68,3343.42,15,Debit Card,Mobile App,VT
567,2025-03-31,697,368,1,196.07,147.05,25,PayPal,Online,NE
568,2025-12-30,302,950,3,265.41,796.23,0,Debit Card,Online,DC
569,2025-06-24,997,753,3,76.03,228.09,0,Apple Pay,Mobile App,AR
570,2025-09-19,655,222,2,246.7,493.4,0,Cash,In-Store,NM
571,2025-07-03,487,569,2,250.26,425.44,15,PayPal,Phone,FM
572,2025-09-12,97,859,7,350.46,2453.22,0,Credit Card,Mobile App,NY
573,2025-08-29,34,519,2,122.99,184.48,25,Credit Card,Online,MO
574,2025-04-12,975,920,9,374.47,3033.21,10,Credit Card,Mobile App,AR
575,2025-03-12,347,233,6,296.64,1779.84,0,Cash,Mobile App,AR
576,2025-03-25,909,561,2,294.8,471.68,20,Credit Card,Online,WI
577,2025-12-02,466,80,7,153.76,1076.32,0,Apple Pay,In-Store,CT
578,2025-08-23,553,202,4,80.51,305.94,5,PayPal,Online,GU
579,2025-12-25,562,520,8,89.01,569.66,20,PayPal,In-Store,IN
580,2026-01-21,3,916,9,437.25,3344.96,15,Debit Card,In-Store,ME
581,2025-04-15,569,746,10,364.61,3646.1,0,Debit Card,Mobile App,ND
582,2025-08-10,352,323,4,442.94,1683.17,5,Credit Card,Mobile App,ME
583,2025-09-04,148,302,8,351.37,2810.96,0,PayPal,Phone,WV
584,2025-04-30,856,947,8,428.07,2739.65,20,PayPal,Mobile App,RI
585,2026-01-26,244,562,7,198.8,1391.6,0,Apple Pay,Online,MH
586,2026-01-02,747,279,1,80.53,72.48,10,Credit Card,In-Store,DC
587,2025-07-31,963,262,2,438.33,657.5,25,Apple Pay,In-Store,MO
588,2025-05-17,56,682,3,149.71,426.67,5,Cash,In-Store,NJ
589,2025-10-16,976,747,4,283.64,1021.1,10,Credit Card,Phone,IN
590,2025-03-27,706,401,10,192.54,1829.13,5,Cash,Phone,RI
591,2026-01-31,5,536,2,329.93,659.86,0,Debit Card,Mobile App,CA
592,2025-06-18,753,531,2,204.71,409.42,0,Apple Pay,Mobile App,NH
593,2025-04-20,339,739,5,234.26,1171.3,0,Cash,Mobile App,GA
594,2025-12-25,584,222,5,109.4,437.6,20,PayPal,Online,CA
595,2025-06-20,906,823,9,138.97,1000.58,20,Debit Card,Phone,NJ
596,2025-03-31,67,499,5,420.29,2101.45,0,Apple Pay,Phone,MI
597,2025-04-16,72,190,9,113.2,764.1,25,Cash,In-Store,OR
598,2025-12-26,675,770,9,172.24,1472.65,5,Credit Card,Mobile App,PR
599,2025-09-04,613,352,8,27.08,194.98,10,Credit Card,Mobile App,CA
600,2025-11-22,667,732,3,19.75,59.25,0,PayPal,Mobile App,OH
601,2025-04-29,700,729,3,379.35,1138.05,0,Cash,In-Store,ME
602,2025-05-17,10,100,5,99.09,470.68,5,Debit Card,Phone,SC
603,2026-01-24,575,367,9,158.1,1422.9,0,Debit Card,In-Store,ME
604,2025-12-06,704,676,7,232.88,1467.14,10,PayPal,Phone,NJ
605,2025-09-09,480,728,6,220.34,1189.84,10,Cash,Mobile App,DC
606,2025-11-09,820,609,9,8.39,75.51,0,Apple Pay,Online,MD
607,2025-09-08,764,779,1,375.79,319.42,15,Apple Pay,Online,MN
608,2026-02-06,523,428,2,99.86,189.73,5,Credit Card,In-Store,ME
609,2026-01-12,769,532,3,9.65,23.16,20,Debit Card,Phone,AS
610,2025-05-12,948,52,6,494.69,2522.92,15,Apple Pay,In-Store,WA
611,2025-09-15,195,982,8,370.97,2522.6,15,Cash,In-Store,IN
612,2025-08-23,523,908,10,271.66,2580.77,5,Debit Card,In-Store,WV
613,2026-01-27,8,827,6,251.01,1506.06,0,Debit Card,Online,NJ
614,2025-11-05,869,488,4,180.19,720.76,0,Apple Pay,Phone,NE
615,2025-07-01,641,500,5,11.31,45.24,20,Credit Card,In-Store,RI
616,2025-12-26,613,513,9,91.51,782.41,5,Credit Card,In-Store,PR
617,2026-02-11,240,241,3,150.89,452.67,0,Apple Pay,Phone,KS
618,2026-02-01,45,662,6,473.81,2416.43,15,PayPal,Phone,NJ
619,2025-08-25,372,273,10,350.01,3500.1,0,Credit Card,Mobile App,AS
620,2025-10-27,528,732,9,403.24,3084.79,15,Credit Card,In-Store,OR
621,2025-05-05,280,845,4,35.99,143.96,0,Debit Card,In-Store,MA
622,2025-12-27,293,395,1,380.89,380.89,0,Debit Card,In-Store,WI
623,2025-05-10,866,44,5,225.03,1068.89,5,Apple Pay,Phone,NJ
624,2025-12-30,100,217,7,153.85,807.71,25,Apple Pay,Mobile App,FL
625,2025-03-01,3,160,6,75.99,341.95,25,Debit Card,Online,MA
626,2025-05-26,751,449,3,421.99,1265.97,0,Credit Card,Online,ME
627,2025-09-17,335,390,4,355.58,1208.97,15,PayPal,Phone,OR
628,2025-06-02,150,764,4,53.97,205.09,5,Credit Card,In-Store,NY
629,2025-04-02,790,166,6,411.71,2470.26,0,Apple Pay,In-Store,IN
630,2026-02-04,85,27,10,453.94,4312.43,5,Debit Card,In-Store,OH
631,2025-11-15,993,249,9,68.4,615.6,0,PayPal,Mobile App,ME
632,2025-02-28,585,791,8,498.6,3390.48,15,Apple Pay,Mobile App,NV
633,2025-04-22,244,615,4,357.35,1357.93,5,Credit Card,Phone,MI
634,2025-08-12,962,103,7,487.71,3413.97,0,PayPal,Mobile App,MO
635,2025-03-28,746,992,10,410.33,4103.3,0,PayPal,Online,VA
636,2026-02-11,455,917,2,446.44,892.88,0,Cash,Online,NJ
637,2025-10-19,664,557,9,491.26,3316.01,25,Debit Card,Mobile App,ID
638,2025-07-28,532,110,7,472.1,3304.7,0,Cash,In-Store,GU
639,2025-07-18,194,521,1,233.0,174.75,25,Debit Card,Phone,AL
640,2025-05-18,622,589,3,489.53,1321.73,10,Cash,Mobile App,DC
641,2025-09-04,89,153,7,213.51,1494.57,0,Apple Pay,Phone,PR
642,2025-06-28,59,288,2,226.18,452.36,0,PayPal,Phone,VT
643,2025-10-06,212,553,5,97.04,412.42,15,Apple Pay,Phone,OR
644,2025-06-20,619,279,6,270.68,1624.08,0,Debit Card,Phone,MN
645,2025-07-26,118,541,8,131.81,1054.48,0,Credit Card,Mobile App,WV
646,2026-01-24,413,963,7,456.99,2399.2,25,Apple Pay,Phone,TN
647,2025-12-23,218,601,6,340.7,2044.2,0,Debit Card,Mobile App,TX
648,2025-10-08,936,26,5,488.04,2196.18,10,Credit Card,Online,WY
649,2026-02-05,444,153,2,239.1,382.56,20,Debit Card,Online,KS
650,2025-10-08,283,437,6,239.11,1076.0,25,Apple Pay,Online,FM
651,2025-10-12,704,549,2,315.83,631.66,0,PayPal,In-Store,FM
652,2025-04-04,610,464,2,133.25,266.5,0,Debit Card,Mobile App,FL
653,2025-11-28,436,533,8,177.88,1138.43,20,PayPal,Phone,WA
654,2025-03-30,668,860,1,317.36,317.36,0,Cash,Phone,NH
655,2025-07-28,163,363,6,193.26,869.67,25,Cash,Mobile App,KY
656,2025-11-09,557,595,4,344.66,1240.78,10,Credit Card,Phone,CT
657,2025-07-26,841,351,9,351.24,2370.87,25,Debit Card,In-Store,NC
658,2026-02-02,163,446,6,363.22,1852.42,15,Credit Card,Mobile App,MA
659,2025-10-26,606,374,2,420.15,840.3,0,Apple Pay,Online,AZ
660,2025-05-01,666,102,9,115.06,931.99,10,Debit Card,Online,MA
661,2025-03-31,952,256,9,451.54,3657.47,10,Debit Card,Phone,SC
662,2025-04-10,421,495,6,376.21,1918.67,15,Apple Pay,Phone,MP
663,2025-04-29,36,335,1,182.67,182.67,0,Apple Pay,Online,OH
664,2025-07-10,626,591,8,329.45,2240.26,15,PayPal,Online,AZ
665,2025-07-01,728,44,9,379.77,3417.93,0,PayPal,In-Store,MT
666,2025-11-16,873,105,6,74.57,357.94,20,Cash,Online,DE
667,2025-10-22,78,2,2,246.83,468.98,5,Cash,Mobile App,TN
668,2025-12-08,799,331,8,360.93,2165.58,25,Cash,In-Store,SD
669,2025-04-29,227,468,9,317.31,2713.0,5,Debit Card,In-Store,DE
670,2025-09-04,639,916,10,122.75,1227.5,0,Cash,In-Store,FL
671,2026-02-21,946,970,6,403.59,1937.23,20,PayPal,Phone,DE
672,2025-07-21,562,353,1,326.38,261.1,20,Credit Card,Online,ME
673,2025-08-17,487,911,6,288.22,1729.32,0,Apple Pay,Mobile App,CO
674,2025-04-03,397,94,10,79.8,798.0,0,Cash,Mobile App,MT
675,2026-01-10,509,771,10,286.74,2867.4,0,Apple Pay,Phone,ME
676,2025-12-12,924,111,6,191.11,1089.33,5,Credit Card,Online,KY
677,2025-08-25,504,210,3,247.87,743.61,0,PayPal,Mobile App,IN
678,2025-12-22,582,474,7,152.01,851.26,20,Apple Pay,Phone,NE
679,2025-12-22,27,80,8,178.74,1143.94,20,Credit Card,Mobile App,MH
680,2025-04-24,739,203,5,42.17,168.68,20,Credit Card,Mobile App,IL
681,2025-11-17,137,250,2,291.28,524.3,10,PayPal,Phone,TN
682,2026-02-23,749,732,9,366.95,2807.17,15,Credit Card,In-Store,GU
683,2025-03-11,740,924,5,335.93,1679.65,0,Cash,Phone,CT
684,2025-10-02,387,912,8,155.27,1242.16,0,Credit Card,Phone,ME
685,2025-12-04,976,428,8,297.85,2144.52,10,Cash,Mobile App,AL
686,2025-07-09,819,496,8,286.91,2180.52,5,Credit Card,In-Store,AR
687,2025-08-13,672,708,4,133.79,508.4,5,PayPal,Online,NY
688,2025-09-20,343,677,10,124.66,1246.6,0,Debit Card,In-Store,GU
689,2025-07-01,201,437,5,483.17,2415.85,0,Debit Card,In-Store,WY
690,2025-12-04,476,723,10,441.41,4414.1,0,Credit Card,In-Store,SC
691,2025-04-15,560,918,4,44.01,176.04,0,Cash,Phone,NV
692,2025-06-22,841,138,8,81.48,554.06,15,Debit Card,Mobile App,WV
693,2025-11-20,185,803,3,121.37,273.08,25,Apple Pay,In-Store,DE
694,2025-04-22,934,771,10,400.92,3407.82,15,PayPal,Online,TN
695,2025-09-01,627,89,10,309.46,2785.14,10,Cash,Phone,ID
696,2025-05-07,739,95,2,393.74,787.48,0,Credit Card,In-Store,KY
697,2025-08-13,65,526,7,225.13,1575.91,0,Cash,In-Store,MN
698,2025-12-17,25,920,5,49.14,184.27,25,PayPal,Online,SC
699,2025-06-09,239,822,6,494.85,2969.1,0,PayPal,Mobile App,CA
700,2025-11-27,667,707,7,367.28,2185.32,15,Debit Card,Mobile App,HI
701,2025-06-12,976,388,6,199.67,1018.32,15,Credit Card,Mobile App,AK
702,2025-06-19,809,44,9,211.94,1525.97,20,Credit Card,Online,GA
703,2025-11-12,301,581,8,108.69,869.52,0,PayPal,Online,GA
704,2025-06-21,334,243,2,130.79,261.58,0,Debit Card,Phone,TX
705,2025-08-30,804,592,10,34.42,292.57,15,Apple Pay,In-Store,GU
706,2025-09-22,151,573,7,210.87,1328.48,10,Debit Card,Online,DC
707,2025-08-23,389,125,1,461.76,461.76,0,Apple Pay,Phone,UT
708,2025-04-22,171,799,8,120.73,869.26,10,Credit Card,Phone,CA
709,2025-12-19,271,151,2,391.81,705.26,10,Cash,Mobile App,MO
710,2025-05-03,191,139,8,277.16,1995.55,10,Cash,Mobile App,IL
711,2025-03-31,383,765,5,18.73,93.65,0,PayPal,Online,MI
712,2025-11-24,312,664,4,15.54,59.05,5,Credit Card,Online,IL
713,2025-05-25,135,19,10,42.9,321.75,25,Credit Card,Mobile App,DC
714,2025-09-11,55,256,6,376.78,2260.68,0,PayPal,Phone,RI
715,2025-09-26,675,452,2,390.32,702.58,10,PayPal,Mobile App,MO
716,2025-10-22,848,804,1,289.76,231.81,20,Apple Pay,Phone,CT
717,2026-02-07,730,910,2,254.66,458.39,10,Apple Pay,Mobile App,MA
718,2025-03-26,32,384,10,489.56,4895.6,0,Cash,Mobile App,OR
719,2025-03-10,801,910,2,424.32,678.91,20,PayPal,Online,PW
720,2025-07-19,757,240,4,482.92,1931.68,0,PayPal,Mobile App,MT
721,2025-06-11,86,137,3,94.15,225.96,20,Credit Card,Mobile App,MA
722,2025-11-21,72,521,2,269.02,511.14,5,Credit Card,Phone,NV
723,2025-03-29,944,394,5,307.89,1308.53,15,Cash,In-Store,ME
724,2026-01-24,579,235,5,472.49,2362.45,0,Cash,In-Store,WY
725,2025-07-17,989,333,1,387.07,290.3,25,Apple Pay,Online,MA
726,2025-03-16,703,174,7,245.5,1374.8,20,PayPal,In-Store,WV
727,2025-10-25,658,620,5,392.88,1767.96,10,Apple Pay,Phone,TX
728,2026-01-02,110,626,9,168.6,1517.4,0,Credit Card,Mobile App,AK
729,2026-01-07,5,34,9,283.62,2552.58,0,Debit Card,In-Store,CA
730,2025-12-24,445,156,1,43.67,37.12,15,Credit Card,Phone,VA
731,2025-03-05,285,697,10,68.51,616.59,10,Debit Card,Online,VA
732,2025-07-07,255,98,6,65.28,391.68,0,Debit Card,In-Store,ME
733,2025-05-23,852,948,9,230.4,1555.2,25,Debit Card,Phone,IN
734,2026-01-10,885,972,3,188.45,565.35,0,PayPal,Online,NC
735,2025-12-12,25,411,7,385.19,2696.33,0,Debit Card,Mobile App,MH
736,2025-03-07,347,274,1,28.53,28.53,0,Credit Card,Mobile App,NH
737,2025-06-18,721,615,7,214.37,1275.5,15,Debit Card,Phone,ME
738,2025-10-22,711,636,2,382.93,765.86,0,PayPal,Online,IN
739,2025-05-12,337,787,7,444.22,2954.06,5,Debit Card,In-Store,NV
740,2025-03-06,442,446,6,156.49,938.94,0,Debit Card,Mobile App,AL
741,2025-11-20,95,78,6,362.89,2177.34,0,Cash,In-Store,OR
742,2026-02-07,698,643,4,271.13,1084.52,0,Debit Card,In-Store,AZ
743,2025-09-15,807,66,9,274.93,2226.93,10,Apple Pay,Online,SD
744,2026-01-07,43,636,9,196.84,1682.98,5,Debit Card,Online,WV
745,2025-04-25,97,553,6,461.25,2767.5,0,PayPal,In-Store,IN
746,2026-01-12,128,336,6,402.04,2291.63,5,Debit Card,Online,OH
747,2025-04-06,970,857,4,468.02,1872.08,0,PayPal,In-Store,ND
748,2025-08-06,26,307,4,95.22,380.88,0,Credit Card,In-Store,TX
749,2025-05-21,772,765,6,73.39,440.34,0,Cash,Phone,NV
750,2026-01-30,803,973,5,492.17,2091.72,15,PayPal,Phone,WV
751,2025-05-02,73,860,5,214.24,1071.2,0,Cash,Phone,AZ
752,2026-02-05,821,181,10,95.28,809.88,15,Apple Pay,Mobile App,NH
753,2025-03-08,368,186,8,89.4,715.2,0,PayPal,Mobile App,FM
754,2025-03-22,12,343,5,42.34,169.36,20,Cash,Phone,NC
755,2025-09-21,745,831,1,103.41,82.73,20,Debit Card,Phone,ID
756,2025-08-26,515,318,10,387.2,3097.6,20,Credit Card,Online,CT
757,2025-06-11,478,24,6,165.93,746.69,25,Credit Card,Mobile App,PR
758,2025-03-13,116,67,6,148.91,893.46,0,Cash,Phone,ID
759,2025-04-25,804,559,8,234.67,1877.36,0,Apple Pay,Phone,HI
760,2025-03-31,498,753,4,137.18,466.41,15,Credit Card,Online,MS
761,2025-03-26,901,522,5,208.83,783.11,25,Debit Card,Online,ID
762,2025-04-13,495,51,5,59.73,223.99,25,PayPal,Online,HI
763,2025-06-05,427,378,9,40.68,366.12,0,Cash,Phone,WV
764,2026-01-23,714,679,9,68.58,493.78,20,Apple Pay,Online,AR
765,2026-01-03,676,636,8,69.86,558.88,0,Credit Card,Online,WY
766,2025-03-20,205,214,4,132.67,398.01,25,Debit Card,Mobile App,RI
767,2026-01-24,409,342,7,158.01,995.46,10,Cash,In-Store,NY
768,2025-05-24,331,292,7,206.78,1157.97,20,Debit Card,Online,FL
769,2025-12-12,694,571,2,309.46,526.08,15,PayPal,Online,AZ
770,2025-04-28,976,919,3,126.99,380.97,0,PayPal,Phone,DC
771,2025-04-27,527,59,1,100.68,85.58,15,PayPal,In-Store,CO
772,2025-05-15,182,560,5,14.93,74.65,0,Apple Pay,Phone,MS
773,2025-07-14,28,265,3,346.13,778.79,25,PayPal,Phone,MN
774,2025-08-12,176,86,5,201.53,1007.65,0,Cash,Online,WV
775,2025-03-04,155,148,10,90.61,906.1,0,Credit Card,Mobile App,PW
776,2026-01-16,376,921,9,229.94,2069.46,0,PayPal,Phone,TX
777,2025-06-09,504,437,8,488.32,3906.56,0,Apple Pay,Online,CA
778,2025-11-20,81,768,6,295.64,1685.15,5,Credit Card,In-Store,NH
779,2025-12-04,543,504,6,181.59,1089.54,0,Credit Card,Online,VT
780,2025-11-17,803,689,6,47.85,229.68,20,Cash,Phone,NV
781,2025-03-01,680,866,1,427.97,427.97,0,Credit Card,Online,NM
782,2026-01-13,651,467,8,448.07,3405.33,5,Apple Pay,Phone,CT
783,2025-05-20,819,353,6,386.16,2316.96,0,PayPal,Online,WY
784,2025-10-18,876,760,3,351.76,1055.28,0,Apple Pay,In-Store,DC
785,2026-02-14,593,759,5,477.77,2030.52,15,Debit Card,In-Store,WY
786,2025-06-12,872,846,7,488.08,3416.56,0,Cash,Online,NM
787,2026-01-14,658,479,2,183.16,274.74,25,PayPal,Phone,IL
788,2025-08-01,950,915,1,71.66,71.66,0,Credit Card,In-Store,GA
789,2026-01-04,135,576,9,302.21,2719.89,0,Apple Pay,Online,MT
790,2025-07-18,740,57,1,35.23,35.23,0,Credit Card,Phone,MD
791,2025-06-17,561,264,2,389.13,583.69,25,Apple Pay,Online,UT
792,2025-08-29,515,88,1,298.04,223.53,25,Cash,Mobile App,NE
793,2025-12-24,934,546,5,182.47,912.35,0,Cash,Mobile App,NJ
794,2026-02-11,317,959,6,292.43,1666.85,5,Credit Card,In-Store,NV
795,2025-07-05,132,743,7,147.25,1030.75,0,Debit Card,Phone,TN
796,2025-07-05,867,65,6,494.13,2964.78,0,Cash,Mobile App,CA
797,2025-09-04,308,521,3,151.99,341.98,25,Apple Pay,In-Store,WA
798,2025-11-27,760,757,2,443.13,797.63,10,PayPal,In-Store,RI
799,2025-07-18,709,961,1,185.89,139.42,25,Debit Card,Online,RI
800,2025-08-03,963,977,2,450.71,766.21,15,Debit Card,Phone,AR
801,2026-01-11,747,620,10,179.3,1793.0,0,Apple Pay,Mobile App,NC
802,2025-06-19,789,165,5,152.06,646.25,15,Credit Card,Online,PA
803,2025-12-10,186,811,8,220.35,1762.8,0,PayPal,Mobile App,LA
804,2025-04-27,76,195,3,83.16,212.06,15,PayPal,Online,IL
805,2025-10-05,697,189,10,230.33,2072.97,10,Debit Card,Mobile App,IL
806,2025-11-21,876,598,3,124.22,372.66,0,Cash,Online,SD
807,2025-07-17,212,633,6,442.66,1991.97,25,Debit Card,In-Store,CO
808,2025-05-23,219,758,5,135.05,506.44,25,Cash,In-Store,WA
809,2026-01-23,726,74,5,43.63,218.15,0,Credit Card,Mobile App,NV
810,2025-07-01,134,171,5,289.03,1445.15,0,Cash,In-Store,WI
811,2025-04-10,168,384,9,381.68,3435.12,0,PayPal,Online,DE
812,2025-03-08,338,666,4,35.99,129.56,10,Debit Card,Online,MD
813,2025-12-01,145,1,6,432.24,2593.44,0,Credit Card,In-Store,KS
814,2025-11-20,727,828,6,240.7,1444.2,0,Debit Card,Mobile App,ID
815,2025-04-08,920,743,10,176.36,1763.6,0,Cash,Mobile App,IA
816,2025-05-13,412,578,7,337.49,2008.07,15,Debit Card,Phone,CO
817,2025-12-21,265,215,1,459.11,390.24,15,Credit Card,Phone,PR
818,2026-01-09,494,381,2,197.87,356.17,10,Credit Card,Phone,MN
819,2025-11-20,715,614,5,473.69,2013.18,15,PayPal,Mobile App,IL
820,2025-10-25,989,529,7,449.29,3145.03,0,Credit Card,In-Store,MD
821,2025-11-23,848,327,9,310.21,2512.7,10,Cash,Online,KS
822,2025-03-06,695,311,5,329.48,1647.4,0,PayPal,In-Store,IN
823,2025-03-08,263,120,2,46.59,93.18,0,Debit Card,Phone,MD
824,2025-09-28,312,89,6,81.71,416.72,15,Cash,In-Store,HI
825,2025-04-10,892,599,1,48.68,46.25,5,Credit Card,In-Store,PW
826,2025-07-15,184,136,10,224.46,1683.45,25,Credit Card,Mobile App,WI
827,2025-06-02,638,99,9,172.14,1471.8,5,Cash,Phone,CT
828,2025-06-04,489,102,5,234.33,1113.07,5,Debit Card,Phone,LA
829,2025-03-16,280,807,3,378.57,851.78,25,Credit Card,In-Store,NJ
830,2025-05-19,6,26,6,286.59,1375.63,20,Credit Card,In-Store,MN
831,2025-04-15,486,590,3,19.25,51.98,10,Apple Pay,In-Store,IN
832,2025-09-17,178,885,9,352.23,3170.07,0,Apple Pay,Online,OR
833,2026-02-15,992,186,6,473.86,2416.69,15,Apple Pay,Phone,WV
834,2025-03-31,548,38,9,67.25,453.94,25,PayPal,In-Store,WA
835,2025-10-09,634,432,3,370.5,1111.5,0,Cash,Phone,PR
836,2025-07-12,924,767,1,22.93,22.93,0,Cash,Mobile App,NJ
837,2025-06-29,302,429,10,215.98,2159.8,0,Apple Pay,Online,AK
838,2025-05-13,852,502,6,455.09,2730.54,0,Credit Card,Online,AZ
839,2025-10-10,775,613,4,20.6,82.4,0,Debit Card,Mobile App,SD
840,2025-06-15,256,797,3,447.3,1274.81,5,Credit Card,Mobile App,NE
841,2025-05-30,844,515,3,51.54,154.62,0,Apple Pay,Online,CT
842,2025-09-27,363,507,1,359.87,269.9,25,PayPal,In-Store,GA
843,2025-12-29,112,786,6,27.73,166.38,0,Credit Card,In-Store,MN
844,2025-11-16,474,884,4,275.78,992.81,10,Apple Pay,Online,CT
845,2025-10-27,76,651,2,176.78,335.88,5,Credit Card,Phone,GA
846,2025-07-09,388,473,6,198.21,1189.26,0,Credit Card,Mobile App,VA
847,2026-02-05,695,141,9,83.34,675.05,10,Credit Card,Mobile App,FL
848,2025-12-16,348,145,1,155.72,155.72,0,Debit Card,Online,FL
849,2025-04-03,317,610,10,102.56,871.76,15,Cash,Mobile App,IA
850,2025-06-16,78,163,5,306.61,1226.44,20,Credit Card,Mobile App,IA
851,2025-04-17,225,675,3,265.36,716.47,10,Apple Pay,Online,OK
852,2025-04-30,445,729,8,27.73,221.84,0,Cash,Online,VA
853,2025-04-07,847,814,9,474.48,4270.32,0,Cash,Online,LA
854,2025-04-10,776,581,10,447.51,4027.59,10,Cash,Online,NM
855,2026-01-09,821,338,3,25.48,61.15,20,Debit Card,In-Store,MN
856,2025-04-05,312,46,10,431.92,4103.24,5,PayPal,Phone,MA
857,2025-07-20,165,856,10,444.07,3552.56,20,Apple Pay,Online,AZ
858,2025-12-08,246,781,3,221.11,530.66,20,Apple Pay,Online,OR
859,2025-05-27,931,57,10,127.9,959.25,25,PayPal,In-Store,NH
860,2025-07-13,160,815,4,302.81,1090.12,10,Apple Pay,Online,PW
861,2025-08-11,175,715,4,11.41,45.64,0,Apple Pay,Online,ID
862,2025-09-15,295,404,10,66.24,662.4,0,Debit Card,Phone,NV
863,2025-10-08,112,84,6,433.71,2342.03,10,PayPal,Phone,KS
864,2026-02-20,266,689,5,499.19,2371.15,5,Credit Card,Online,GU
865,2025-04-13,687,290,2,499.23,748.85,25,Apple Pay,Phone,FM
866,2026-02-13,465,667,1,290.34,261.31,10,Apple Pay,Online,NY
867,2025-05-22,821,127,6,316.42,1898.52,0,Apple Pay,Phone,MT
868,2025-12-01,133,913,8,320.59,2051.78,20,Apple Pay,In-Store,CA
869,2025-09-14,462,788,1,133.43,106.74,20,Credit Card,Online,AZ
870,2025-11-27,941,413,9,317.88,2431.78,15,Debit Card,Online,PW
871,2025-05-24,381,195,6,359.81,1835.03,15,PayPal,Mobile App,MA
872,2025-06-04,725,747,10,368.1,3312.9,10,Credit Card,Mobile App,NH
873,2025-05-04,595,709,2,309.59,526.3,15,Apple Pay,Phone,MT
874,2025-12-07,478,26,2,116.57,186.51,20,PayPal,Phone,NE
875,2025-11-23,607,749,5,47.17,212.27,10,Cash,Mobile App,MO
876,2025-12-07,859,988,3,141.24,317.79,25,Cash,Mobile App,OK
877,2025-08-28,575,659,4,208.28,749.81,10,Debit Card,Online,IN
878,2025-10-19,661,734,6,463.27,2223.7,20,Apple Pay,Online,TN
879,2025-04-09,668,174,9,19.37,174.33,0,PayPal,Phone,OK
880,2025-06-12,70,16,1,237.24,189.79,20,Apple Pay,Phone,NH
881,2025-12-31,63,120,8,68.96,496.51,10,Debit Card,Online,AR
882,2025-03-13,670,320,4,432.53,1730.12,0,Credit Card,In-Store,SC
883,2025-06-15,543,945,8,63.23,455.26,10,Cash,Online,PR
884,2025-03-22,49,925,3,14.13,31.79,25,PayPal,Online,OK
885,2025-10-21,266,949,4,429.07,1716.28,0,Debit Card,Online,AL
886,2025-03-14,499,322,5,126.63,538.18,15,Apple Pay,Online,LA
887,2025-08-31,205,961,5,417.93,1985.17,5,Apple Pay,Mobile App,TN
888,2025-06-13,99,816,3,118.52,337.78,5,Credit Card,In-Store,FM
889,2025-04-29,299,795,8,216.97,1735.76,0,Apple Pay,Phone,WA
890,2025-06-20,791,431,5,217.53,1033.27,5,Debit Card,Online,CT
891,2026-02-09,91,844,2,300.22,480.35,20,Apple Pay,Phone,FL
892,2025-12-21,884,766,6,84.27,480.34,5,Apple Pay,Phone,MD
893,2025-11-09,454,718,10,452.6,3847.1,15,Cash,Phone,OR
894,2026-01-29,750,428,3,326.13,782.71,20,Cash,Mobile App,HI
895,2025-06-29,690,379,6,393.98,1772.91,25,Credit Card,Phone,PR
896,2025-11-01,891,311,9,285.61,2570.49,0,Credit Card,Phone,PR
897,2025-03-05,897,252,8,256.12,2048.96,0,Cash,In-Store,DE
898,2025-03-18,146,424,1,318.64,318.64,0,Cash,In-Store,AL
899,2025-09-09,46,452,3,281.1,632.48,25,PayPal,Mobile App,MP
900,2025-09-10,143,175,6,28.61,163.08,5,Cash,Mobile App,NJ
901,2025-10-26,331,773,1,306.62,245.3,20,Cash,Phone,ME
902,2025-06-23,648,527,3,437.16,1180.33,10,PayPal,In-Store,NE
903,2026-01-17,362,776,1,275.77,275.77,0,Cash,Online,MN
904,2025-12-10,504,955,9,178.29,1203.46,25,Cash,In-Store,CT
905,2025-03-16,236,264,3,121.0,326.7,10,Apple Pay,Online,MN
906,2025-11-21,203,878,6,362.76,2176.56,0,Cash,In-Store,NM
907,2026-02-05,892,543,5,116.0,522.0,10,Credit Card,Online,DC
908,2026-01-30,921,540,9,488.17,3295.15,25,Debit Card,Online,OK
909,2025-10-28,609,452,3,349.88,787.23,25,Credit Card,Mobile App,FM
910,2025-09-18,962,787,9,211.0,1899.0,0,PayPal,Online,PW
911,2026-01-01,915,639,8,478.6,3828.8,0,PayPal,Phone,FM
912,2025-03-01,86,756,7,455.84,3190.88,0,Cash,Online,MS
913,2025-04-18,702,118,2,437.67,875.34,0,Debit Card,Phone,MA
914,2025-11-03,888,9,2,303.66,546.59,10,PayPal,Phone,NE
915,2025-09-21,128,319,10,414.9,3111.75,25,Credit Card,Mobile App,AR
916,2025-12-19,180,89,4,361.46,1084.38,25,PayPal,In-Store,VA
917,2025-07-28,49,215,3,161.82,485.46,0,Apple Pay,Online,WA
918,2025-08-23,910,180,2,5.24,7.86,25,Debit Card,Mobile App,LA
919,2025-04-05,23,370,6,352.0,1689.6,20,Cash,Mobile App,GA
920,2025-03-31,979,49,4,16.98,67.92,0,Apple Pay,Mobile App,VA
921,2025-10-01,285,854,9,326.03,2200.7,25,Apple Pay,Online,MD
922,2026-01-23,304,946,7,276.42,1838.19,5,Credit Card,In-Store,MS
923,2025-03-25,303,909,1,333.5,250.12,25,PayPal,Phone,IA
924,2025-10-29,993,801,6,84.13,429.06,15,Credit Card,Online,ME
925,2025-11-10,10,807,8,491.3,3733.88,5,PayPal,Online,WI
926,2025-11-20,986,218,6,456.22,2737.32,0,Cash,Online,AR
927,2025-07-18,85,257,5,479.84,1799.4,25,Credit Card,Online,NM
928,2026-02-15,915,30,2,143.15,286.3,0,Credit Card,Online,IA
929,2025-11-08,770,382,7,34.5,205.28,15,Cash,In-Store,AZ
930,2025-05-19,39,475,6,18.73,95.52,15,Debit Card,Mobile App,WV
931,2025-07-20,18,368,6,218.21,1112.87,15,Cash,Mobile App,NM
932,2025-11-18,972,895,3,141.36,381.67,10,PayPal,Phone,MS
933,2025-08-26,138,156,4,77.31,278.32,10,Credit Card,Mobile App,GA
934,2025-10-11,153,23,10,399.28,2994.6,25,Debit Card,Mobile App,KY
935,2025-12-18,427,964,3,267.04,761.06,5,PayPal,Online,GA
936,2025-05-09,367,502,8,370.0,2220.0,25,PayPal,Online,CT
937,2025-07-16,864,394,10,393.22,3932.2,0,PayPal,Phone,NM
938,2025-07-21,553,784,9,402.77,3624.93,0,PayPal,Online,NY
939,2026-02-05,344,172,2,283.99,567.98,0,Credit Card,Online,AR
940,2025-07-04,830,781,1,401.09,381.04,5,Apple Pay,Phone,PA
941,2025-11-16,674,353,3,115.45,277.08,20,Credit Card,Phone,MO
942,2025-07-21,799,404,7,357.8,2504.6,0,Cash,Phone,ID
943,2025-02-28,455,699,3,296.15,888.45,0,Apple Pay,In-Store,NV
944,2025-06-21,290,439,1,216.38,173.1,20,Apple Pay,Online,MP
945,2025-04-27,2,328,2,11.72,23.44,0,Cash,Phone,LA
946,2025-10-11,261,142,3,129.32,310.37,20,PayPal,Online,VT
947,2025-08-31,993,94,7,459.09,3213.63,0,Debit Card,In-Store,MO
948,2025-05-12,937,214,10,329.18,3127.21,5,PayPal,Mobile App,WV
949,2025-06-04,968,704,3,492.02,1476.06,0,Apple Pay,Phone,IN
950,2025-04-29,232,167,9,76.68,655.61,5,Credit Card,Online,KY
951,2025-04-10,704,13,3,361.21,1083.63,0,PayPal,Mobile App,MA
952,2025-09-19,565,253,2,252.04,504.08,0,Cash,Phone,HI
953,2025-11-17,191,791,2,433.39,866.78,0,PayPal,Phone,FL
954,2025-03-31,584,998,1,411.53,411.53,0,PayPal,Phone,MP
955,2025-08-28,308,321,6,98.62,532.55,10,Credit Card,In-Store,AZ
956,2025-07-13,664,762,7,69.38,461.38,5,Apple Pay,Mobile App,WI
957,2026-02-08,698,124,5,21.01,89.29,15,Cash,Online,RI
958,2025-12-29,312,901,5,293.34,1246.69,15,Debit Card,Mobile App,NH
959,2025-03-18,431,977,9,68.93,527.31,15,Cash,Phone,VI
960,2025-12-24,560,483,3,427.27,1025.45,20,Cash,In-Store,LA
961,2025-07-14,604,585,9,263.15,1894.68,20,PayPal,Mobile App,SC
962,2025-12-08,119,796,10,411.63,4116.3,0,Cash,Phone,NY
963,2025-12-14,887,505,2,293.81,558.24,5,Debit Card,Mobile App,VA
964,2025-05-28,112,680,4,227.76,911.04,0,Debit Card,Phone,MA
965,2025-09-15,240,122,2,218.59,349.74,20,Cash,Online,GA
966,2025-05-16,924,743,4,280.48,953.63,15,Cash,Mobile App,KS
967,2026-01-03,33,966,7,97.38,681.66,0,PayPal,Online,MT
968,2025-03-29,413,529,1,382.74,363.6,5,Debit Card,Phone,WA
969,2025-05-03,856,774,5,111.58,557.9,0,Cash,Mobile App,MS
970,2025-08-02,310,464,3,279.41,670.58,20,Apple Pay,Phone,MS
971,2025-06-14,135,391,9,25.96,233.64,0,Cash,Online,LA
972,2025-12-12,41,967,5,40.18,200.9,0,Credit Card,Mobile App,OR
973,2025-12-12,303,986,2,315.17,598.82,5,Credit Card,Online,UT
974,2025-07-30,674,838,1,173.35,138.68,20,Credit Card,Mobile App,MO
975,2025-05-22,856,424,3,322.78,726.25,25,Apple Pay,Phone,NM
976,2025-12-25,44,619,3,112.19,336.57,0,Debit Card,Online,ME
977,2025-05-24,321,710,4,209.08,836.32,0,Credit Card,Mobile App,RI
978,2025-12-25,610,397,10,94.4,708.0,25,Apple Pay,Mobile App,DE
979,2026-02-02,393,614,7,382.45,2543.29,5,Cash,In-Store,HI
980,2025-07-24,669,465,2,257.58,412.13,20,Debit Card,Online,SD
981,2026-01-28,782,218,9,245.52,1767.74,20,Credit Card,Mobile App,NH
982,2025-04-06,107,634,5,34.61,147.09,15,PayPal,Phone,GU
983,2025-03-25,666,289,10,50.41,378.07,25,PayPal,Mobile App,MO
984,2025-11-12,114,204,7,300.96,2106.72,0,Cash,Phone,DE
985,2025-06-27,145,960,3,241.05,723.15,0,Cash,Phone,AL
986,2025-11-09,797,471,9,411.34,3331.85,10,PayPal,Mobile App,PA
987,2025-06-04,11,540,9,238.61,1717.99,20,Apple Pay,Online,MS
988,2026-01-04,91,117,10,222.29,2111.76,5,PayPal,Online,LA
989,2025-06-22,690,355,1,181.83,181.83,0,Credit Card,Mobile App,CT
990,2025-03-27,99,500,1,115.91,92.73,20,Cash,In-Store,DC
991,2026-01-07,139,738,6,260.13,1326.66,15,Apple Pay,Online,MH
992,2025-07-26,949,497,10,75.07,713.16,5,Apple Pay,Mobile App,PA
993,2025-11-12,764,91,1,294.47,294.47,0,Debit Card,Online,ND
994,2025-11-15,309,888,10,426.53,3412.24,20,Credit Card,Mobile App,UT
995,2025-11-02,726,70,9,193.36,1653.23,5,PayPal,In-Store,NH
996,2025-10-17,230,224,5,182.23,683.36,25,Apple Pay,Online,MN
997,2025-07-13,640,290,5,157.77,670.52,15,PayPal,In-Store,IA
998,2025-10-19,609,297,6,387.67,1744.51,25,Apple Pay,Phone,NJ
999,2025-12-08,119,11,10,305.33,2900.63,5,PayPal,Phone,TN
1000,2025-05-18,180,710,6,395.78,1781.01,25,Cash,In-Store,GU
